First Name,Last Name,Gender,Age,Email,Phone,Education,Occupation,Experience (Years),Salary,Marital Status,Number of Children
amy,moore,Female,26,a.moore@randatmail.com,177-8697-63,Bachelor,Astronomer,11,118590,Married,4
rosie,henderson,Female,29,r.henderson@randatmail.com,747-7768-48,Primary,Manager,14,42540,Single,1
garry,cooper,Male,29,g.cooper@randatmail.com,131-0615-33,Upper secondary,Agronamist,11,149123,Single,3
sarah,miller,Female,27,s.miller@randatmail.com,811-2617-15,Primary,Pharmacist,6,97946,Single,2
rubie,sullivan,Female,23,r.sullivan@randatmail.com,543-4162-06,Bachelor,Engineer,8,78613,Married,4
fiona,williams,Female,25,f.williams@randatmail.com,807-4311-40,Doctoral,Lecturer,7,65368,Single,5
thomas,carter,Male,24,t.carter@randatmail.com,281-1436-40,Bachelor,Veteranarian,5,64881,Single,4
sawyer,martin,Male,20,s.martin@randatmail.com,905-3877-91,Upper secondary,Lawer,7,140405,Married,0
eleanor,robinson,Female,20,e.robinson@randatmail.com,049-5493-56,Primary,Scientist,6,194147,Married,3
adrianna,kelley,Female,22,a.kelley@randatmail.com,251-3368-86,Upper secondary,Actor,0,160569,Married,1
maximilian,gray,Male,25,m.gray@randatmail.com,976-1552-14,Lower secondary,Baker,3,80813,Married,3
miley,stewart,Female,26,m.stewart@randatmail.com,504-2889-84,Bachelor,Veterinarian,5,145033,Married,4
tiana,grant,Female,19,t.grant@randatmail.com,326-8397-28,Bachelor,Economist,3,96135,Married,5
vincent,parker,Male,30,v.parker@randatmail.com,354-4888-28,Lower secondary,Salesman,9,170367,Single,0
edwin,roberts,Male,26,e.roberts@randatmail.com,593-4080-27,Doctoral,Fashion Designer,7,125753,Married,2
oscar,elliott,Male,28,o.elliott@randatmail.com,862-9748-49,Bachelor,Interpreter,5,74854,Single,2
eric,bailey,Male,28,e.bailey@randatmail.com,940-1010-90,Upper secondary,Interpreter,3,189933,Single,1
alexander,rogers,Male,26,a.rogers@randatmail.com,329-0405-60,Master,Programmer,9,119998,Single,5
richard,thompson,Male,21,r.thompson@randatmail.com,355-0318-95,Bachelor,Driver,10,104777,Single,1
alford,murphy,Male,24,a.murphy@randatmail.com,003-6561-34,Upper secondary,Fine Artist,11,137278,Single,5
david,murphy,Male,21,d.murphy@randatmail.com,894-1854-00,Lower secondary,Botanist,9,78710,Married,5
stella,barrett,Female,19,s.barrett@randatmail.com,227-0986-74,Doctoral,Police Officer,5,53667,Married,2
lyndon,smith,Male,21,l.smith@randatmail.com,668-2436-53,Primary,Bottanist,0,76830,Single,2
steven,carter,Male,30,s.carter@randatmail.com,715-7201-49,Upper secondary,Botanist,11,93973,Married,5
preston,barnes,Male,25,p.barnes@randatmail.com,007-6829-81,Bachelor,Singer,11,177626,Single,4
william,walker,Male,27,w.walker@randatmail.com,154-7340-83,Bachelor,Singer,5,171551,Single,3
haris,evans,Male,30,h.evans@randatmail.com,971-9369-18,Bachelor,Composer,10,60692,Married,4
maria,moore,Female,26,m.moore@randatmail.com,456-2003-63,Doctoral,Singer,2,186484,Married,0
lydia,carter,Female,29,l.carter@randatmail.com,296-9654-47,Lower secondary,Medic,4,140228,Married,1
tony,scott,Male,20,t.scott@randatmail.com,516-1118-94,Bachelor,Electrician,7,173792,Married,4
michael,campbell,Male,18,m.campbell@randatmail.com,678-3673-99,Primary,Lawer,6,81725,Married,1
jenna,robinson,Female,21,j.robinson@randatmail.com,484-8871-95,Master,Architect,10,44866,Single,3
kellan,perry,Male,19,k.perry@randatmail.com,007-7196-00,Doctoral,Accountant,3,146473,Married,2
paul,campbell,Male,25,p.campbell@randatmail.com,333-7643-81,Lower secondary,Accountant,11,178942,Married,4
owen,anderson,Male,24,o.anderson@randatmail.com,721-5432-57,Primary,Carpenter,5,184801,Single,3
camila,craig,Female,18,c.craig@randatmail.com,214-7433-34,Primary,Jeweller,6,137180,Married,1
luke,cooper,Male,26,l.cooper@randatmail.com,717-8884-75,Lower secondary,Geologist,10,133373,Married,4
frederick,martin,Male,18,f.martin@randatmail.com,293-2301-63,Primary,Interpreter,6,199056,Single,2
sabrina,wright,Female,24,s.wright@randatmail.com,870-2143-99,Master,Police Officer,7,158787,Married,3
emma,owens,Female,30,e.owens@randatmail.com,668-1442-04,Bachelor,Graphic Designer,14,180887,Single,2
arnold,crawford,Male,25,a.crawford@randatmail.com,518-6820-22,Upper secondary,Physicist,3,126988,Single,5
alisa,cameron,Female,30,a.cameron@randatmail.com,178-7304-99,Lower secondary,Engineer,7,193299,Married,3
abraham,perry,Male,19,a.perry@randatmail.com,955-0868-57,Primary,Lecturer,8,81195,Single,3
ada,jones,Female,23,a.jones@randatmail.com,058-1497-41,Lower secondary,Architect,8,79967,Single,2
richard,smith,Male,25,r.smith@randatmail.com,181-8403-19,Lower secondary,Dancer,9,118813,Single,2
gianna,higgins,Female,30,g.higgins@randatmail.com,092-3915-89,Primary,Cook,4,50738,Single,5
wilson,richards,Male,27,w.richards@randatmail.com,082-5216-84,Lower secondary,Mathematician,0,133443,Married,2
abigail,casey,Female,29,a.casey@randatmail.com,909-9922-28,Master,Electrician,14,54132,Single,4
walter,richards,Male,27,w.richards@randatmail.com,435-1473-30,Bachelor,Lawer,8,197908,Single,2
michael,harper,Male,22,m.harper@randatmail.com,510-9134-25,Bachelor,Medic,7,81846,Single,0
kristian,andrews,Male,29,k.andrews@randatmail.com,426-0394-61,Master,Aeroplane Pilot,7,125381,Married,2
miley,lloyd,Female,25,m.lloyd@randatmail.com,169-8774-41,Upper secondary,Photographer,1,177842,Married,4
alan,smith,Male,18,a.smith@randatmail.com,011-3840-74,Doctoral,Social Worker,4,120348,Single,0
oliver,owens,Male,18,o.owens@randatmail.com,519-5455-38,Doctoral,Driver,0,108026,Single,3
mike,parker,Male,26,m.parker@randatmail.com,763-7838-50,Bachelor,Veterinarian,2,169948,Married,0
byron,adams,Male,27,b.adams@randatmail.com,384-5847-24,Lower secondary,Social Worker,7,108570,Married,3
spike,martin,Male,26,s.martin@randatmail.com,331-3495-68,Bachelor,Teacher,4,154722,Single,2
miller,hall,Male,28,m.hall@randatmail.com,265-4711-85,Doctoral,Scientist,11,32846,Married,1
sofia,bailey,Female,28,s.bailey@randatmail.com,475-8717-44,Bachelor,Carpenter,3,141442,Married,5
cherry,warren,Female,23,c.warren@randatmail.com,478-0776-13,Bachelor,Interior Designer,10,142614,Married,2
michelle,montgomery,Female,23,m.montgomery@randatmail.com,124-0365-04,Master,Lawer,5,95640,Married,4
garry,kelly,Male,28,g.kelly@randatmail.com,119-1538-59,Primary,Social Worker,5,136251,Married,2
lenny,moore,Male,20,l.moore@randatmail.com,641-6842-98,Primary,Social Worker,1,124513,Single,2
alfred,perry,Male,22,a.perry@randatmail.com,211-3813-78,Doctoral,Police Officer,8,108027,Single,5
arnold,stevens,Male,25,a.stevens@randatmail.com,121-2974-97,Bachelor,Auditor,3,86784,Single,0
lucas,anderson,Male,27,l.anderson@randatmail.com,720-7506-50,Upper secondary,Chemist,11,183757,Single,0
rubie,holmes,Female,20,r.holmes@randatmail.com,529-5398-39,Master,Chef,1,68102,Married,2
max,cunningham,Male,21,m.cunningham@randatmail.com,780-8051-64,Doctoral,Programmer,10,61703,Married,2
hailey,phillips,Female,26,h.phillips@randatmail.com,645-3524-23,Doctoral,Electrician,10,140481,Married,1
tyler,brooks,Male,18,t.brooks@randatmail.com,983-2255-71,Master,Scientist,7,195949,Single,1
olivia,wilson,Female,25,o.wilson@randatmail.com,880-3110-76,Bachelor,Composer,5,174655,Married,0
julian,cole,Male,25,j.cole@randatmail.com,075-5393-86,Upper secondary,Chemist,11,88575,Married,3
alina,hawkins,Female,29,a.hawkins@randatmail.com,531-9494-52,Doctoral,Graphic Designer,2,81314,Single,4
sophia,casey,Female,30,s.casey@randatmail.com,951-9691-95,Upper secondary,Geologist,14,63091,Single,4
julia,clark,Female,26,j.clark@randatmail.com,170-8895-18,Doctoral,Astronomer,0,64090,Married,5
victor,russell,Male,23,v.russell@randatmail.com,051-1151-04,Doctoral,Electrician,1,141276,Married,5
mike,morrison,Male,30,m.morrison@randatmail.com,999-4285-82,Doctoral,Manager,8,94263,Married,2
brad,wright,Male,27,b.wright@randatmail.com,679-1206-65,Master,Biochemist,8,45265,Married,3
martin,morrison,Male,25,m.morrison@randatmail.com,284-2781-20,Upper secondary,Journalist,5,58505,Married,2
harold,scott,Male,24,h.scott@randatmail.com,368-3430-96,Doctoral,Fashion Designer,5,107901,Married,0
isabella,ferguson,Female,25,i.ferguson@randatmail.com,112-9238-52,Primary,Journalist,1,89909,Married,2
rubie,cole,Female,26,r.cole@randatmail.com,730-7130-34,Primary,Baker,5,171734,Single,5
violet,foster,Female,18,v.foster@randatmail.com,923-6053-60,Master,Manager,2,180192,Married,4
byron,gibson,Male,26,b.gibson@randatmail.com,051-2067-16,Doctoral,Fashion Designer,5,123462,Single,0
emily,wells,Female,28,e.wells@randatmail.com,008-1492-38,Master,Florist,1,42418,Married,5
victoria,grant,Female,21,v.grant@randatmail.com,425-2690-87,Doctoral,Journalist,1,196967,Single,1
savana,lloyd,Female,25,s.lloyd@randatmail.com,815-2225-60,Master,Composer,9,170735,Single,1
preston,cunningham,Male,30,p.cunningham@randatmail.com,711-0333-61,Primary,Graphic Designer,12,70804,Single,4
sabrina,kelley,Female,20,s.kelley@randatmail.com,789-9188-02,Doctoral,Biochemist,8,41573,Married,2
olivia,chapman,Female,29,o.chapman@randatmail.com,141-3190-15,Bachelor,Journalist,8,129990,Married,0
tess,chapman,Female,27,t.chapman@randatmail.com,570-2499-28,Upper secondary,Actor,5,110315,Married,5
anna,harper,Female,19,a.harper@randatmail.com,300-1139-07,Doctoral,Dancer,0,55028,Married,4
victor,stevens,Male,28,v.stevens@randatmail.com,387-4643-95,Bachelor,Biochemist,2,95134,Single,5
maximilian,allen,Male,30,m.allen@randatmail.com,451-3830-89,Bachelor,Mathematician,9,149360,Married,0
emily,bailey,Female,20,e.bailey@randatmail.com,290-0711-88,Doctoral,Economist,9,84585,Single,1
robert,bailey,Male,21,r.bailey@randatmail.com,793-0667-37,Lower secondary,Salesman,1,60713,Married,2
myra,barrett,Female,19,m.barrett@randatmail.com,327-1291-87,Master,Engineer,7,130894,Single,5
miller,davis,Male,29,m.davis@randatmail.com,976-8125-86,Lower secondary,Scientist,6,63247,Single,4
dominik,davis,Male,18,d.davis@randatmail.com,897-8054-17,Master,Meteorologist,1,179033,Married,0
sydney,douglas,Female,18,s.douglas@randatmail.com,197-2305-29,Upper secondary,Police Officer,9,80548,Married,4
alexia,watson,Female,19,a.watson@randatmail.com,478-1134-19,Master,Scientist,8,71243,Married,0
julia,cameron,Female,24,j.cameron@randatmail.com,836-9057-41,Master,Historian,10,152112,Single,1
robert,edwards,Male,21,r.edwards@randatmail.com,913-0408-26,Upper secondary,Engineer,8,173872,Married,2
sarah,harrison,Female,30,s.harrison@randatmail.com,722-5005-04,Upper secondary,Architect,14,154287,Married,2
sam,johnston,Male,29,s.johnston@randatmail.com,028-0115-99,Primary,Accountant,7,51238,Single,1
michael,davis,Male,22,m.davis@randatmail.com,367-2578-83,Upper secondary,Hairdresser,2,57816,Married,1
emma,morgan,Female,18,e.morgan@randatmail.com,881-5268-25,Primary,Composer,7,126503,Single,3
naomi,turner,Female,25,n.turner@randatmail.com,413-9577-60,Lower secondary,Florist,1,107903,Single,3
wilson,bennett,Male,18,w.bennett@randatmail.com,189-9986-96,Primary,Bottanist,2,31721,Married,5
kevin,parker,Male,27,k.parker@randatmail.com,135-1544-03,Bachelor,Baker,7,100097,Single,5
abigail,miller,Female,27,a.miller@randatmail.com,575-1165-72,Upper secondary,Scientist,6,139377,Single,5
penelope,allen,Female,21,p.allen@randatmail.com,211-4973-86,Lower secondary,Salesman,6,107372,Married,2
carl,brown,Male,27,c.brown@randatmail.com,913-1229-81,Bachelor,Dancer,1,50670,Single,4
rafael,morgan,Male,22,r.morgan@randatmail.com,131-7560-04,Upper secondary,Producer,3,184797,Married,0
jacob,cole,Male,28,j.cole@randatmail.com,322-9513-47,Lower secondary,Actor,13,41535,Single,1
tony,harper,Male,22,t.harper@randatmail.com,711-1778-61,Primary,Interior Designer,11,144782,Married,2
nicole,harrison,Female,25,n.harrison@randatmail.com,130-9394-30,Doctoral,Producer,0,40607,Married,0
samantha,hunt,Female,19,s.hunt@randatmail.com,183-9182-46,Upper secondary,Historian,3,144637,Single,3
rafael,campbell,Male,25,r.campbell@randatmail.com,584-5930-35,Primary,Architect,11,122540,Married,4
valeria,riley,Female,28,v.riley@randatmail.com,612-0256-16,Upper secondary,Salesman,4,64584,Married,4
harold,chapman,Male,21,h.chapman@randatmail.com,878-2453-79,Upper secondary,Auditor,0,61408,Single,0
deanna,lloyd,Female,18,d.lloyd@randatmail.com,247-2313-19,Lower secondary,Mechanic,4,55435,Single,3
rosie,mason,Female,27,r.mason@randatmail.com,823-1776-32,Upper secondary,Singer,5,161023,Single,4
sofia,carter,Female,22,s.carter@randatmail.com,315-5085-12,Primary,Meteorologist,11,120815,Single,1
oliver,henderson,Male,21,o.henderson@randatmail.com,737-0605-49,Bachelor,Hairdresser,6,82005,Single,1
oliver,roberts,Male,26,o.roberts@randatmail.com,490-3920-67,Primary,Fashion Designer,10,135981,Married,5
gianna,gray,Female,20,g.gray@randatmail.com,773-5428-91,Master,Teacher,6,152489,Single,1
fiona,henderson,Female,18,f.henderson@randatmail.com,491-9262-32,Doctoral,Auditor,8,103921,Single,2
cadie,thomas,Female,27,c.thomas@randatmail.com,969-7325-98,Doctoral,Singer,9,164829,Married,2
emily,chapman,Female,22,e.chapman@randatmail.com,099-7704-94,Primary,Interior Designer,7,57626,Single,3
byron,cameron,Male,22,b.cameron@randatmail.com,785-5028-49,Master,Producer,6,37762,Single,2
elise,cunningham,Female,20,e.cunningham@randatmail.com,766-6574-16,Bachelor,Architect,2,129222,Married,2
richard,kelley,Male,18,r.kelley@randatmail.com,018-9300-79,Bachelor,Social Worker,9,142644,Single,4
samantha,elliott,Female,27,s.elliott@randatmail.com,455-2624-01,Primary,Meteorologist,7,35602,Married,5
florrie,tucker,Female,19,f.tucker@randatmail.com,195-5912-47,Master,Cook,9,45985,Single,5
samantha,phillips,Female,25,s.phillips@randatmail.com,139-3807-69,Lower secondary,Botanist,11,36479,Single,5
justin,douglas,Male,20,j.douglas@randatmail.com,621-3423-22,Lower secondary,Hairdresser,7,76312,Married,0
myra,davis,Female,26,m.davis@randatmail.com,935-8060-32,Bachelor,Hairdresser,5,41644,Single,2
henry,murray,Male,30,h.murray@randatmail.com,101-3043-08,Upper secondary,Astronomer,4,182250,Single,3
rafael,perkins,Male,21,r.perkins@randatmail.com,989-5303-81,Master,Fine Artist,1,184877,Single,3
paul,smith,Male,18,p.smith@randatmail.com,949-3730-19,Primary,Accountant,5,151610,Married,2
james,edwards,Male,20,j.edwards@randatmail.com,987-4498-83,Upper secondary,Geologist,10,73493,Single,0
alina,martin,Female,22,a.martin@randatmail.com,324-5000-25,Lower secondary,Astronomer,5,166753,Single,2
marcus,brown,Male,27,m.brown@randatmail.com,700-9109-00,Bachelor,Chef,9,105013,Single,4
alford,wells,Male,28,a.wells@randatmail.com,352-3345-85,Primary,Lecturer,4,150289,Single,0
jasmine,cole,Female,29,j.cole@randatmail.com,422-4780-08,Bachelor,Auditor,6,187741,Married,5
maddie,payne,Female,22,m.payne@randatmail.com,183-0834-64,Primary,Fine Artist,6,129198,Married,5
oscar,russell,Male,30,o.russell@randatmail.com,387-2552-65,Master,Firefighter,1,58245,Single,3
maddie,myers,Female,28,m.myers@randatmail.com,607-4771-59,Bachelor,Singer,14,168001,Married,2
george,allen,Male,21,g.allen@randatmail.com,519-5031-13,Lower secondary,Journalist,10,196808,Married,1
kristian,riley,Male,22,k.riley@randatmail.com,909-1395-68,Bachelor,Mathematician,1,67916,Single,2
agata,alexander,Female,25,a.alexander@randatmail.com,806-2398-53,Bachelor,Geologist,2,114157,Single,1
charlie,nelson,Male,21,c.nelson@randatmail.com,661-8488-06,Upper secondary,Chef,2,85430,Married,3
aida,thomas,Female,20,a.thomas@randatmail.com,137-1071-48,Lower secondary,Mechanic,7,133756,Single,3
charlie,morgan,Male,25,c.morgan@randatmail.com,591-8399-95,Upper secondary,Firefighter,6,196524,Single,3
kellan,parker,Male,25,k.parker@randatmail.com,202-9726-19,Primary,Auditor,0,66114,Single,4
kimberly,johnson,Female,20,k.johnson@randatmail.com,707-9204-48,Bachelor,Mathematician,4,160787,Single,3
reid,farrell,Male,26,r.farrell@randatmail.com,095-2027-86,Doctoral,Archeologist,3,82676,Single,2
aiden,jones,Male,29,a.jones@randatmail.com,920-9778-48,Primary,Lecturer,7,169038,Married,2
alen,foster,Male,18,a.foster@randatmail.com,797-0813-60,Lower secondary,Electrician,0,39170,Married,4
elise,hill,Female,18,e.hill@randatmail.com,266-5294-21,Lower secondary,Cook,9,106485,Married,4
tyler,bennett,Male,22,t.bennett@randatmail.com,219-2450-97,Bachelor,Scientist,3,106119,Married,5
blake,montgomery,Male,25,b.montgomery@randatmail.com,757-2003-43,Lower secondary,Veterinarian,8,60296,Single,5
lucia,stewart,Female,20,l.stewart@randatmail.com,996-3704-20,Master,Pharmacist,8,106810,Married,4
amelia,mason,Female,28,a.mason@randatmail.com,505-6081-80,Upper secondary,Composer,11,53389,Married,0
chester,richardson,Male,27,c.richardson@randatmail.com,587-7143-08,Bachelor,Cook,11,193102,Married,0
gianna,taylor,Female,19,g.taylor@randatmail.com,407-9136-66,Doctoral,Baker,1,49380,Single,0
arthur,richards,Male,28,a.richards@randatmail.com,292-0356-03,Upper secondary,Manager,4,99047,Married,1
derek,ryan,Male,19,d.ryan@randatmail.com,857-0419-87,Bachelor,Economist,3,140516,Single,4
freddie,campbell,Male,19,f.campbell@randatmail.com,787-6934-88,Lower secondary,Hairdresser,3,99325,Married,5
ada,campbell,Female,20,a.campbell@randatmail.com,367-0388-30,Master,Lawer,8,191923,Single,5
lucia,parker,Female,30,l.parker@randatmail.com,066-0800-78,Lower secondary,Social Worker,5,49669,Married,4
abigail,robinson,Female,26,a.robinson@randatmail.com,521-0480-72,Primary,Hairdresser,5,45305,Single,3
thomas,baker,Male,27,t.baker@randatmail.com,740-2820-87,Primary,Carpenter,7,195839,Single,4
eleanor,russell,Female,29,e.russell@randatmail.com,383-7318-08,Primary,Manager,11,161017,Married,2
adele,phillips,Female,24,a.phillips@randatmail.com,723-3607-46,Doctoral,Chemist,10,104926,Married,1
henry,morris,Male,19,h.morris@randatmail.com,556-0599-79,Doctoral,Photographer,0,48360,Single,3
sabrina,thomas,Female,23,s.thomas@randatmail.com,198-1283-20,Primary,Mechanic,11,99768,Married,0
sydney,jones,Female,24,s.jones@randatmail.com,385-8426-36,Master,Florist,10,127677,Single,2
harold,morrison,Male,24,h.morrison@randatmail.com,345-8420-04,Bachelor,Salesman,0,64462,Married,3
amanda,craig,Female,29,a.craig@randatmail.com,643-7548-00,Bachelor,Firefighter,2,168508,Single,4
agata,smith,Female,21,a.smith@randatmail.com,922-3260-73,Master,Producer,1,107243,Single,5
rafael,brooks,Male,18,r.brooks@randatmail.com,864-0193-52,Doctoral,Meteorologist,2,176550,Married,5
deanna,harrison,Female,18,d.harrison@randatmail.com,436-3477-53,Bachelor,Salesman,7,62257,Married,3
mike,richardson,Male,29,m.richardson@randatmail.com,392-0933-70,Bachelor,Astronomer,0,174184,Single,4
melanie,henderson,Female,21,m.henderson@randatmail.com,662-5167-51,Doctoral,Cook,6,173281,Married,1
jasmine,riley,Female,27,j.riley@randatmail.com,297-1885-76,Primary,Jeweller,2,65339,Single,1
charlotte,hall,Female,23,c.hall@randatmail.com,069-1842-43,Master,Electrician,6,120433,Single,5
darcy,lloyd,Female,21,d.lloyd@randatmail.com,721-5567-13,Lower secondary,Singer,1,140513,Married,5
james,west,Male,19,j.west@randatmail.com,498-5620-38,Primary,Engineer,1,43406,Married,5
caroline,johnston,Female,27,c.johnston@randatmail.com,921-1503-45,Master,Meteorologist,3,87611,Single,1
victor,cooper,Male,22,v.cooper@randatmail.com,546-5089-79,Lower secondary,Pharmacist,7,147835,Single,1
maria,kelley,Female,19,m.kelley@randatmail.com,225-1984-41,Lower secondary,Agronomist,9,158383,Single,3
ted,riley,Male,18,t.riley@randatmail.com,405-3976-21,Bachelor,Driver,9,193155,Single,3
julia,rogers,Female,18,j.rogers@randatmail.com,038-4970-81,Upper secondary,Interpreter,9,140064,Married,1
lana,ellis,Female,20,l.ellis@randatmail.com,986-4830-56,Doctoral,Engineer,5,198642,Single,2
miller,lloyd,Male,19,m.lloyd@randatmail.com,685-5796-27,Master,Archeologist,9,162273,Single,4
spike,kelley,Male,29,s.kelley@randatmail.com,533-2352-91,Primary,Medic,14,137587,Single,0
vanessa,hamilton,Female,28,v.hamilton@randatmail.com,592-7262-90,Upper secondary,Mechanic,9,67962,Married,4
savana,andrews,Female,25,s.andrews@randatmail.com,870-9824-77,Doctoral,Cook,11,109137,Married,1
